<?xml version="1.0" encoding="UTF-8"?>
<!DOCTYPE fontscolors PUBLIC "-//NetBeans//DTD Editor Fonts and Colors settings 1.1//EN" "http://www.netbeans.org/dtds/EditorFontsColors-1_1.dtd">
<fontscolors>
    <fontcolor bgColor="fffc9d9f" name="debugger-mixed_BP"/>
    <fontcolor bgColor="ffdcdcd8" name="OtherThreads_DBP"/>
    <fontcolor bgColor="ffb4e4fc" name="stopwatchProfilingPoint"/>
    <fontcolor bgColor="ffbde6aa" name="OtherThread_PC"/>
    <fontcolor bgColor="ffbde6aa" name="debugger-PC_CBP_stroke"/>
    <fontcolor bgColor="ffdcdcd8" name="CurrentPC2_DBP"/>
    <fontcolor bgColor="ffb4e4fc" name="loadgenProfilingPoint"/>
    <fontcolor bgColor="ffe9ffe6" name="CurrentExpressionLine_CBP"/>
    <fontcolor bgColor="ffbde6aa" name="debugger-PC_CBP"/>
    <fontcolor bgColor="ffdcdcd8" name="DisabledBreakpoint"/>
    <fontcolor bgColor="ffdcdcd8" name="loadgenProfilingPointD"/>
    <fontcolor bgColor="ffb4e4fc" name="resetResultsProfilingPoint"/>
    <fontcolor bgColor="ffdcdcd8" name="debugger-mixed_BP_broken"/>
    <fontcolor bgColor="ffdcdcd8" name="CondBreakpoint_stroke"/>
    <fontcolor bgColor="fffc9d9f" name="CondBreakpoint"/>
    <fontcolor bgColor="ffbde6aa" name="OtherThreads_BP_broken"/>
    <fontcolor bgColor="fffc9d9f" name="OtherThreads_BP"/>
    <fontcolor bgColor="ffbde6aa" name="CurrentPC"/>
    <fontcolor bgColor="ffbde6aa" name="debugger-PC_multi_DBPCBP"/>
    <fontcolor bgColor="fffc9d9f" name="OtherThread_BP"/>
    <fontcolor bgColor="fffc9d9f" name="debugger-multi_BPCBP"/>
    <fontcolor bgColor="ffbde6aa" name="debugger-PC_DCBP_stroke"/>
    <fontcolor bgColor="ffdcdcd8" name="resetResultsProfilingPointD"/>
    <fontcolor bgColor="ffe9ffe6" name="CurrentExpressionLine_DCBP"/>
    <fontcolor bgColor="ffe9ffe6" name="CurrentExpressionLine_BP"/>
    <fontcolor bgColor="ffdcdcd8" name="takeSnapshotProfilingPointD"/>
    <fontcolor bgColor="ffbde6aa" name="debugger-PC_multi_BPCBP"/>
    <fontcolor bgColor="ffdcdcd8" name="DisabledBreakpoint_stroke"/>
    <fontcolor bgColor="ffbde6aa" name="debugger-PC_CBP_broken"/>
    <fontcolor bgColor="ffe9ffe6" name="CurrentExpressionLine_DBP"/>
    <fontcolor bgColor="ffbde6aa" name="debugger-PC_multi_BPCBP_broken"/>
    <fontcolor bgColor="ffbde6aa" name="CurrentPC2LinePart"/>
    <fontcolor bgColor="ffbde6aa" name="debugger-PC_mixedBP_broken"/>
    <fontcolor bgColor="ffdcdcd8" name="stopwatchProfilingPointD"/>
    <fontcolor bgColor="ffbde6aa" name="CurrentPC2"/>
    <fontcolor bgColor="ffbde6aa" name="debugger-PC_DBP"/>
    <fontcolor bgColor="ffb4e4fc" name="takeSnapshotProfilingPoint"/>
    <fontcolor bgColor="ffdcdcd8" name="DisabledCondBreakpoint"/>
    <fontcolor bgColor="ffbde6aa" name="debugger-PC_DCBP"/>
    <fontcolor bgColor="ffbde6aa" name="debugger-PC_mixedBP"/>
    <fontcolor bgColor="ffdcdcd8" name="debugger-multi_DBPCBP"/>
    <fontcolor bgColor="ffdcdcd8" name="CondBreakpoint_broken"/>
    <fontcolor bgColor="fffc9d9f" name="CurrentPC2_BP"/>
    <fontcolor bgColor="fffc9d9f" name="Breakpoint"/>
    <fontcolor bgColor="ffbde6aa" name="debugger-PC_BP_stroke"/>
    <fontcolor bgColor="ffe7e1ef" name="CallSite"/>
    <fontcolor bgColor="ffbde6aa" name="debugger-PC_BP_broken"/>
    <fontcolor bgColor="ffbde6aa" name="debugger-PC_DBP_stroke"/>
    <fontcolor bgColor="ffdcdcd8" name="debugger-multi_BPCBP_broken"/>
    <fontcolor bgColor="ffdcdcd8" name="DisabledCondBreakpoint_stroke"/>
    <fontcolor bgColor="ffbde6aa" name="debugger-PC_BP"/>
    <fontcolor bgColor="ffdcdcd8" name="Breakpoint_stroke"/>
    <fontcolor bgColor="ffbde6aa" name="OtherThreads_PC_BP"/>
    <fontcolor bgColor="ffbde6aa" name="OtherThread_BP_broken"/>
    <fontcolor bgColor="ffdcdcd8" name="Breakpoint_broken"/>
    <fontcolor bgColor="ffbde6aa" name="OtherThread_PC_BP"/>
    <fontcolor bgColor="ffe9ffe6" name="CurrentExpressionLine"/>
    <fontcolor bgColor="ffbde6aa" name="CurrentPCLinePart"/>
    <fontcolor bgColor="ffdcdcd8" name="OtherThread_DBP"/>
</fontscolors>
